Action, Time, Gas Used 
Deployed,0.11076807975769043,1477123
Register Domain Manager,0.14525699615478516,1211930
Register Domain,0.13763999938964844,824642
Add Device,0.15813922882080078,286693
